id,first_name,last_name,email
1,Holly,Carlile,hcarlile0@adobe.com
2,Korella,Adger,kadger1@issuu.com
3,Clo,Nortunen,cnortunen2@nps.gov
4,Andrej,Barnsley,abarnsley3@squarespace.com
5,Bryana,Mace,bmace4@cnet.com
6,Yalonda,Othick,yothick5@phpbb.com
7,Brodie,O'Codihie,bocodihie6@nps.gov
8,Abbe,Hawkswell,ahawkswell7@engadget.com
9,Vinni,Beacham,vbeacham8@people.com.cn
10,Phelia,Erratt,perratt9@github.io
11,Colas,Mainland,cmainlanda@ca.gov
12,Shaine,Macellar,smacellarb@myspace.com
13,Shani,Lytell,slytellc@sbwire.com
14,Hayden,Phillimore,hphillimored@omniture.com
15,Emalia,Brosel,ebrosele@walmart.com
16,Randene,MacGillicuddy,rmacgillicuddyf@smh.com.au
17,Zollie,Gedge,zgedgeg@blogspot.com
18,Priscilla,Hallam,phallamh@freewebs.com
19,Oswell,Yerill,oyerilli@businesswire.com
20,Hunter,Jantot,hjantotj@nih.gov
21,Archibold,Virgo,avirgok@ucla.edu
22,Erinna,Spadazzi,espadazzil@latimes.com
23,Kit,Gregori,kgregorim@house.gov
24,Kevon,Iddons,kiddonsn@shareasale.com
25,Agnesse,Parr,aparro@nifty.com
26,Alayne,Papaccio,apapacciop@ask.com
27,Kessia,Dafter,kdafterq@berkeley.edu
28,Corilla,Adamowitz,cadamowitzr@rambler.ru
29,Niall,Klamp,nklamps@china.com.cn
30,Audry,Swaddle,aswaddlet@uiuc.edu
31,Buddie,Slee,bsleeu@si.edu
32,Rozina,Porker,rporkerv@utexas.edu
33,Windham,Aloigi,waloigiw@globo.com
34,Arnie,Tonge,atongex@icq.com
35,Nat,Micallef,nmicallefy@army.mil
36,Northrup,Bowich,nbowichz@wordpress.org
37,Marney,Chaddock,mchaddock10@geocities.jp
38,Carlye,MacKerley,cmackerley11@phoca.cz
39,Martyn,Sacco,msacco12@aboutads.info
40,Parsifal,Wheelan,pwheelan13@tuttocitta.it
41,Ellissa,Fernando,efernando14@devhub.com
42,Zacharia,Shapland,zshapland15@abc.net.au
43,Wylma,Duplan,wduplan16@comsenz.com
44,Hortense,Penwright,hpenwright17@cocolog-nifty.com
45,Melisenda,Weale,mweale18@twitpic.com
46,Christy,Hentze,chentze19@blogspot.com
47,Cindie,Wathell,cwathell1a@dailymotion.com
48,Allie,Parminter,aparminter1b@tripadvisor.com
49,Ariella,Hawking,ahawking1c@yellowbook.com
50,Brien,Osborn,bosborn1d@java.com
51,Tamara,Muge,tmuge1e@forbes.com
52,Batholomew,Hullins,bhullins1f@amazon.co.uk
53,Berte,Tutchell,btutchell1g@php.net
54,Leslie,Hay,lhay1h@cornell.edu
55,Gavra,Drei,gdrei1i@uol.com.br
56,Johnathan,Harryman,jharryman1j@fda.gov
57,Rahel,Rossin,rrossin1k@apple.com
58,Shaina,Darbon,sdarbon1l@list-manage.com
59,Man,Szwarc,mszwarc1m@networkadvertising.org
60,Lucias,Hyland,lhyland1n@diigo.com
61,Murray,Gresswood,mgresswood1o@reference.com
62,Trix,Exer,texer1p@sitemeter.com
63,Clarabelle,Buffery,cbuffery1q@mysql.com
64,Maryjane,Mewburn,mmewburn1r@ucoz.com
65,Brittaney,Pretsell,bpretsell1s@theguardian.com
66,Cornelle,Garlette,cgarlette1t@infoseek.co.jp
67,Angie,Bannerman,abannerman1u@themeforest.net
68,Rosaleen,Cavet,rcavet1v@fc2.com
69,Hy,Beales,hbeales1w@tiny.cc
70,Rutherford,Harby,rharby1x@chron.com
71,Irvin,Dearle,idearle1y@umn.edu
72,Sybyl,MacConnal,smacconnal1z@utexas.edu
73,Rudolph,Longhorne,rlonghorne20@japanpost.jp
74,Korey,Boodell,kboodell21@stumbleupon.com
75,Eddy,Silman,esilman22@eventbrite.com
76,Othelia,Ebbing,oebbing23@google.fr
77,Nicola,Oppy,noppy24@myspace.com
78,Dickie,Sayse,dsayse25@wikispaces.com
79,Leonore,Seamons,lseamons26@csmonitor.com
80,Jerrylee,Lampens,jlampens27@nature.com
81,Jerrilee,Duffet,jduffet28@theglobeandmail.com
82,Graham,Baitson,gbaitson29@rambler.ru
83,Coreen,Grinikhinov,cgrinikhinov2a@oaic.gov.au
84,Chevy,Bussons,cbussons2b@gizmodo.com
85,Dolph,Flanagan,dflanagan2c@nih.gov
86,Doti,Chillingworth,dchillingworth2d@illinois.edu
87,Leonidas,Conradie,lconradie2e@amazon.co.jp
88,Emmanuel,Marde,emarde2f@nhs.uk
89,Buddy,Venart,bvenart2g@epa.gov
90,Bryana,Spelling,bspelling2h@cbsnews.com
91,Samuele,Duddy,sduddy2i@jimdo.com
92,Jude,Lafee,jlafee2j@posterous.com
93,Hatti,Sindle,hsindle2k@networksolutions.com
94,Benedict,Pilipyak,bpilipyak2l@woothemes.com
95,Lydia,Bertolin,lbertolin2m@unicef.org
96,Daveen,Youles,dyoules2n@google.co.jp
97,Kelsi,Turpie,kturpie2o@dedecms.com
98,Charles,Doumerque,cdoumerque2p@umn.edu
99,Zacharie,Ramsted,zramsted2q@ucsd.edu
100,Maude,Dullaghan,mdullaghan2r@mit.edu
